Organisation,Titel,Datum,Location,Description,Link
LifeLong Learning TUM,ON-SITE INFO SESSION | EXECUTIVE MBA IN INNOVATION & BUSINESS CREATION,Montag 28 Apr. 2025 18:00 Uhr – 20:00 Uhr,Info Session – München,In dieser Sitzung werden wir Informationen über den Inhalt und die Struktur des Executive MBA in Innovation & Business Creation geben.,https://www.lll.tum.de/event/executive-mba-in-innovation-business-creation/
LifeLong Learning TUM,VIRTUAL INFO SESSION | LEAN SIX SIGMA YELLOW BELT,Dienstag 29 Apr. 2025 16:00 – 17:00,Info Session – Remote,"Nehmen Sie an unserer Informationsveranstaltung teil, um mehr über das TUM Lean Six Sigma Yellow Belt Zertifizierungsprogramm zu erfahren. Dieses Professional Certificate ist die theoretische Grundlage für den Green Belt und deckt die Grundlagen der Six Sigma-Methodik und der Lean Production zur Qualitäts- und Produktivitätssteigerung ab.",https://www.lll.tum.de/event/lean-six-sigma-yellow-belt/
LifeLong Learning TUM,VIRTUAL INFO SESSION | EXECUTIVE MBA,Mittwoch 30 Apr. 2025 11:00 Uhr – 12:00 Uhr,Info Session – Remote,Unsere virtuelle Info-Session bietet Ihnen eine ausführliche Präsentation & alle wichtigen Information rund um den Executive MBA.,https://www.lll.tum.de/event/executive-mba/
LifeLong Learning TUM,VIRTUAL INFO SESSION | EXECUTIVE MBA,Mittwoch 21 Mai 2025 13:00 Uhr – 14:00 Uhr,Info Session – Remote,Unsere virtuelle Info-Session bietet Ihnen eine ausführliche Präsentation & alle wichtigen Information rund um den Executive MBA.,https://www.lll.tum.de/event/executive-mba/
LifeLong Learning TUM,VIRTUAL INFO SESSION | EXECUTIVE MBA IN INNOVATION & BUSINESS CREATION,Donnerstag 22 Mai 2025 13:00 Uhr – 14:00 Uhr,Info Session – Remote,Unsere virtuelle Info-Session bietet Ihnen eine ausführliche Präsentation unseres Executive MBA in Innovation & Business Creation Programms.,https://www.lll.tum.de/event/executive-mba-in-innovation-business-creation/
LifeLong Learning TUM,VIRTUAL INFO SESSION | EXECUTIVE MBA IN BUSINESS & IT,Freitag 23 Mai 2025 12:00 Uhr – 13:00 Uhr,Info Session – Remote,Unsere virtuelle Info-Session bietet Ihnen eine ausführliche Präsentation & alle wichtigen Information rund um den Executive MBA in Business & IT.,https://www.lll.tum.de/event/executive-mba-in-business-it/
LifeLong Learning TUM,ON-SITE EVENING INFO SESSION,Donnerstag 12 Juni 2025 17:30 Uhr – 21:30 Uhr,Info Session – München,Während der Veranstaltung werden unsere EMBA-Programm-Manager Ihnen alles über unsere drei Executive MBA-Programme erzählen.,https://www.lll.tum.de/event/3-in-1-executive-mba-programs/
LifeLong Learning TUM,VIRTUAL INFO SESSION | EXECUTIVE MBA,Mittwoch 18 Juni 2025 13:00 Uhr – 14:00 Uhr,Info Session – Remote,Unsere virtuelle Info-Session bietet Ihnen eine ausführliche Präsentation & alle wichtigen Information rund um den Executive MBA.,https://www.lll.tum.de/event/executive-mba/
LifeLong Learning TUM,VIRTUAL INFO SESSION | EXECUTIVE MBA IN BUSINESS & IT,Donnerstag 19 Juni 2025 18:00 Uhr – 19:00 Uhr,Info Session – Remote,Unsere virtuelle Info-Session bietet Ihnen eine ausführliche Präsentation & alle wichtigen Information rund um den Executive MBA in Business & IT.,https://www.lll.tum.de/event/executive-mba-in-business-it/
LifeLong Learning TUM,VIRTUAL INFO SESSION | EXECUTIVE MBA IN INNOVATION & BUSINESS CREATION,Donnerstag 26 Juni 2025 13:00 Uhr – 14:00 Uhr,Info Session – Remote,Unsere virtuelle Info-Session bietet Ihnen eine ausführliche Präsentation unseres Executive MBA in Innovation & Business Creation Programms.,https://www.lll.tum.de/event/executive-mba-in-innovation-business-creation/
TUM,IKOM 2025,23.–26.6.,Garching,Abschlussarbeit oder der Einstieg ins Berufsleben? Auf der größten studentischen Karrieremesse bieten sich Einblicke in spannende Unternehmen. Jetzt anmelden!,https://www.tum.de/aktuelles/veranstaltungen/details/ikom-2025
TUM,IKOM Start-up 2025,25.6.,Campus Garching,Auf der IKOM Start-up dreht sich alles um junge Unternehmen und ihre Visionen. Treffen Sie Gründungsteams und sprechen Sie über Ihre Karrierechancen!,https://www.tum.de/aktuelles/veranstaltungen/details/ikom-start-up-2025
TUM Venture Labs,Pitch Perfect 2025,"Sunday, April 27, 2025",,You are a TUM start-up and have developed an innovative product or service? You know exactly what is important when pitching?,https://www.tum-venture-labs.de/events/pitch-perfect-2025/
TUM Venture Labs,Robotics Certification: From Standards to Success,"Tuesday, April 29, 2025 · 8:30 AM","Munich Urban Colab, Freddie-Mercury-Straße 5, 80797 München, Deutschland.",We’re hosting a workshop focused on certification in robotics. The session will cover safety standards for industrial and med-tech robots. The event includes interactive focus groups and more!,https://www.tum-venture-labs.de/events/robotics-certification-from-standards-to-success/
TUM Venture Labs,Open House AM Check-In,"Tuesday, April 29, 2025 · 1:00 PM","Room 7849.EG.302, Ground Floor B2.0.02, Freisinger Landstraße 52, 85748 Garching b. München","Come and join us in our lab, get familiar with our infrastructure and printers, take the opportunity to ask what you want to know about additive manufacturing, and discuss your latest ideas with us to start your AM journey.",https://www.tum-venture-labs.de/events/open-house-am-check-in/
TUM Venture Labs,Founders' regulars' table: Food & Agtech,"Tuesday, April 29, 2025 · 7:00 PM",BayWa Co-Working Space,Exchange for founders/interested parties in Food & AgTech with TUM Venture Lab FAB!,https://www.tum-venture-labs.de/events/founders-regulars-table-food-agtech-3/
TUM Venture Labs,Startup Career Fair,"Tuesday, May 6, 2025 · 10:00 AM",TUM Incubator,"Come join us for the 4th Startup Career Fair to kickstart your career with roles in tech, science & business—don’t miss out!",https://www.tum-venture-labs.de/events/startup-career-fair-5/
TUM Venture Labs,TUM Sustainability Career Day,"Tuesday, May 6, 2025 · 1:00 PM","Uferstraße 53, Straubing",Building your Sustainable Future,https://www.tum-venture-labs.de/events/tum-sustainability-career-day/
TUM Venture Labs,Aerospace Connect,"Tuesday, May 6, 2025 · 5:30 PM","TUM Incubator, Lichtenbergstraße 6, 85748, Garching","Connecting the multi-faceted aerospace ecosystem through a single event, fostering collaboration between academia, startups, industry leader.",https://www.tum-venture-labs.de/events/aerospace-connect-2/
TUM Venture Labs,"SPICE - Special Edition Japan ""Bavarian Night""","Wednesday, May 7, 2025 · 6:30 PM","KUMA Hall: 1-2F, Building 11, Faculty of Engineering, The University of Tokyo, 7-3-1 Hongo, Bunkyo-ku 113-8656","How can the sciencepreneurship ecosystems in Japan and Europe/Germany work together? We are deepening this exchange, this time hosted at the University of Tokyo.",https://www.tum-venture-labs.de/events/spice-special-edition-japan-bavarian-night/
TUM Venture Labs,Open House Session,"Thursday, May 8, 2025 · 11:00 AM","Arcisstr. 21, Munich // Room 2345, 2nd Floor Thierschbau",Ask us anything about entrepreneurship in the built environment!,https://www.tum-venture-labs.de/events/open-house-session/
TUM Venture Labs,Founder Legal Boot Camp 2025: Munich Edition,"Friday, May 9, 2025 · 9:15 AM","Hybrid Event: Join us online via Zoom or in person at TUM: Arcisstraße 21, Munich (Vorhoelzer Forum)","This bootcamp is designed to provide aspiring founders lessons on how to avoid common legal pitfalls and navigate successfully fundraising, hosted by TUM Venture Labs and Orrick.",https://www.tum-venture-labs.de/events/founder-legal-boot-camp-2025-munich/
TUM Venture Labs,11th Munich AMeetUP: AM x CleanTech,"Wednesday, May 14, 2025 · 6:30 PM",Vorhoelzer Forum - Technical University of Munich,"Are you enthusiastic about Additive Manufacturing and do you want to discover the latest AM innovations, learn more about what you can create with 3D printing, and network with other innovators, experts, entrepreneurs in the field of AM?",https://www.tum-venture-labs.de/events/11th-munich-ameetup-am-x-cleantech/
TUM Venture Labs,The Weihenstephan Entrepreneurship Day,"Thursday, May 15, 2025 · 10:00 AM",,Innovation and Financing in the Beverage Industry - the Future starts now.,https://www.tum-venture-labs.de/events/weihenstephaner-unternehmertag/
TUM Venture Labs,FAN Kick OFF,"Thursday, May 15, 2025 · 6:30 PM",,"Dear FAN Alumni, mentor, partner, or expert - We’re excited to invite you to a special evening dedicated to the former and current FAN community and industry experts!",https://www.tum-venture-labs.de/events/fan-kick-off/
TUM Venture Labs,Talent joins growth company,"Monday, May 19, 2025 · 5:00 PM","42 Heilbronn, Weipertstraße 8–10, 74076 Heilbronn",Connecting Startups & Future Tech Talents,https://www.tum-venture-labs.de/events/talent-joins-growth-company/
TUM Venture Labs,Urban Tech Meetup Pitch & Progress (May 2025),"Tuesday, May 20, 2025","Arcisstr. 21, Munich // Room 2345, 2nd Floor Thierschbau",Let's explore the latest innovations in the built environment start-up scene and see the progress our teams made! Join our Team Pitches and Networking!,https://www.tum-venture-labs.de/events/pitch-progress-may-2025/
TUM Venture Labs,2nd Software/AI Start-Up Roundtable,"Wednesday, May 21, 2025 · 6:30 PM",,"An exclusive, informal, and confidential gathering for the member start-ups of the TUM Venture Lab Software/AI.",https://www.tum-venture-labs.de/events/software-ai-start-up-roundtable-2/
TUM Venture Labs,CIRCULAR REPUBLIC Festival 2025,"Thursday, May 22, 2025",Munich Urban Colab + Online,Unlock the Potential of Circular Economy. Future-proof your business.,https://www.tum-venture-labs.de/events/circular-republic-festival-2025/
TUM Venture Labs,PhD Breakfast (May 2025),"Thursday, May 22, 2025","Arcisstr. 21, Munich // Room 2345, 2nd Floor Thierschbau",Your research in dialogue!,https://www.tum-venture-labs.de/events/phd-breakfast-may-2025/
TUM Venture Labs,Startup Lunch,"Wednesday, May 28, 2025 · 11:30 AM",,"We think it's important to stay in touch and know what the daily topics of our startups are. That's why we host a Startup Lunch once a month. This offer is for all candidates, early stage startups, advanced teams and alumni alike.",https://www.tum-venture-labs.de/events/startup-lunch/
TUM Venture Labs,HOPSathon,"Monday, June 2, 2025 · 12:00 AM",Hallertau,The HOPSathon - Innovations for hop growing: The first innovation format for the entire hop value chain in the world's largest hop-growing region!,https://www.tum-venture-labs.de/events/hopsathon/
TUM Venture Labs,Open House Day - TUM Venture Lab FAB,"Wednesday, June 25, 2025 · 3:00 PM",BayWa Co-Working Space,"Join our Open House Day at TUM Venture Lab FAB! Connect with Roman, Lukas and Laurin, get insights and explore opportunities for your startup. Whether you're new or an alumni, don’t miss this chance to network and grow!",https://www.tum-venture-labs.de/events/open-house-day-tum-venture-lab-fab/
TUM Venture Labs,TUM Entrepreneurship Day 2025,"Thursday, June 26, 2025 · 9:00 AM",TUM Main Campus,"On this day, the entire ecosystem comes together to learn about and network on start-up and innovation activities at TUM and UnternehmerTUM and the TUM Venture Labs.",https://www.tum-venture-labs.de/events/tum-entrepreneurship-day-2025/
TUM Venture Labs,Sustainable Maritime Innovation,"Friday, July 18, 2025 · 1:00 PM",Bayerischer Yacht-Club at Startnberger See,#4 Community Event,https://www.tum-venture-labs.de/events/sustainable-maritime-innovation/
TUM Venture Labs,IAA Special: Venture Client Roundtable meets VCs @TUM Venture Labs,"Wednesday, September 10, 2025","Vorhoelzer Forum @TUM (Arcisstr. 21, Munich)","We want to meet on September, 10 during IAA at Vorhoelzer Forum at the Technical University of Munich. This time we will have Investors invited to discuss topics which are of common interest - or not. Stay tuned.",https://www.tum-venture-labs.de/events/iaa-venture-client-roundtable-tum-venture-labs/
TUM Venture Labs,Ultimate European Startup Party @IAA,"Wednesday, September 10, 2025 · 6:30 PM",Marienplatz in Munich,"Let's celebrate all together our European Startup Ecosystem at the center of Munich - the Marienplatz! The event does not cost anything, anyone is welcome.",https://www.tum-venture-labs.de/events/iaa-ultimate-startup-party/
TUM Venture Labs,Public VIewing Autonomous Racing,"Saturday, November 1, 2025 · 12:00 AM",,Public Viewing A2RL,https://www.tum-venture-labs.de/events/public-viewing-autonomous-racing/
TUM Venture Labs,SDV Community,"Thursday, November 13, 2025 · 9:00 AM",Munich Urban Colab,#3 Meetup of the SDV Community around Useblocks,https://www.tum-venture-labs.de/events/sdv-community/
TUM Venture Labs,YEAR's END CELEBRATION,"Thursday, December 11, 2025 · 5:00 PM",,Let's celebrate together looking back at 2025,https://www.tum-venture-labs.de/events/years-end-celebration/
Social Startup hub,LfL InfoTalk: Tier- und naturgestützte Angebote auf dem Bauernhof – das Potential erkennen & nutzen,28. April @ 19:00 – 21:00 CEST,Online,"Tier- und naturgestützte Interventionen bieten viele Chancen für landwirtschaftliche Betriebe und den ländlichen Raum. In einem PraxisTalk erklärt Susanne Anzeneder von InnNatur, wie solche Angebote auf ihrem Hof umgesetzt werden. Sie gibt Einblicke in Herausforderungen, Finanzierung und Marketing. Dabei steht die Trauerbegleitung mit Tieren besonders im Fokus.",https://www.social-startup-hub.de/event/lfl-infotalk/
Social Startup hub,Happy Impact Hour,6. Mai @ 18:00 – 19:00 CEST,Online via Zoom,"Bei unserer Happy Impact Hour erhältst Du nützliche Tools, Tipps und Tricks, um Dein Vorhaben erfolgreich umzusetzen. Dieses Mal erfährst Du alles Wichtige rund um das Thema Wirkungsmanagement für Social Startups. Im Anschluss an den kurzen Impuls hast Du die Möglichkeit, unseren erfahrenen Gründungsberaterinnen Deine Fragen zu stellen und Dich mit den gleichgesinnten Teilnehmenden auszutauschen.",https://www.social-startup-hub.de/event/happy-impact-hour-23/
Social Startup hub,Impact Co-Founder-Matching,12. Mai @ 18:00 – 20:00 CEST,Impact Hub München,"Im Rahmen der Open Hub Week (12.-16. Mai 2025) findet am 12. Mai von 18-20 Uhr das Impact Co-Founder Matching statt. Dich erwartet energiegeladenes Networking, strukturiertes Matching und die Chance, starke Partnerschaften für wirkungsvolle Gründungsideen zu knüpfen. Ob Du eine Idee mitbringst oder Teil eines visionären Projekts werden willst – hier trifft Leidenschaft auf Potenzial.",https://www.social-startup-hub.de/event/munich-impact-co-founder-matching/
Social Startup hub,Kein Titel gefunden,Kein Datum gefunden,Kein Location gefunden,,Kein Link gefunden
Social Startup hub,Bayerische Gründungstage,3. Juni – 5. Juni,Bayernweit,"Vom 3. bis 5. Juni 2025 finden die Bayerischen Gründungstage mit über 60 Events im gesamten Freistaat statt. Initiiert vom Staatsministerium für Wirtschaft, Landesentwicklung und Energie in Zusammenarbeit mit zahlreichen Partnern, fördern sie das Gründungs- und Innovationsumfeld in Bayern. Gründer:innen, Start-ups und Interessierte erwartet eine Plattform zum Informieren, Austauschen und Vernetzen.",https://www.social-startup-hub.de/event/bayerische-gruendungstage/
Social Startup hub,Happy Impact Hour,10. Juni @ 18:00 – 19:00 CEST,Online via Zoom,"Bei unserer Happy Impact Hour erhältst Du nützliche Tools, Tipps und Tricks, um Dein Vorhaben erfolgreich umzusetzen. Dieses Mal gibt Dir Simon Lühr von Sales4Good spannende Einblicke in den Vertrieb von Social Startups. Im Anschluss an den kurzen Impuls hast Du die Möglichkeit, unseren erfahrenen Gründungsberaterinnen Deine Fragen zu stellen und Dich mit den gleichgesinnten Teilnehmenden auszutauschen.",https://www.social-startup-hub.de/event/happy-impact-hour-24/
Social Startup hub,Female Founders Summit 2025,11. Juli @ 13:00 – 23:00 CEST,smartvillage Bogenhausen,"Das Event-Highlight für Female Founders in Deutschland! Vernetze Dich mit führenden Unternehmerinnen & Investor:innen, erhalte wertvolle Insights in Keynotes & Masterclasses und präsentiere Dein Startup vor einer hochkarätigen Jury. Nutze den Code FFS25-seakademie für einen exklusiven Rabatt von 15% auf Dein Ticket!",https://www.social-startup-hub.de/event/female-founders-summit-2025/
Social Startup hub,Munich Startup Festival,16. Juli,Backstage,"Das Munich Startup Festival bietet spannende Speaker und Pitches für alle Gründer:innen, Investor:innen, Studierende und Startup-Interessierte. Nimm an Workshops teil und vernetze Dich mit dem Ökosystem. Triff uns an unserem Stand in der Impact Area!",https://www.social-startup-hub.de/event/munich-startup-festival-3/
Munich Startup,Munich Hacking Legal,26. April : 10:00 Uhr - 27. April : 16:00 Uhr,"Arccisstraße 21, 80333 München Bayern","Munich Hacking Legal is where law meets tech! Hosted by START Munich, the Liquid Legal Institute and LegalTech Colab, this hackathon invites students and professionals from law, tech, and related fields to tackle real challenges in Legal Tech.
You’ll work in mixed teams, collaborate with experts, and create cutting-edge solutions. It’s your chance to network, learn, and shape the future of law through innovation. Whether you’re into law, tech, or both, Munich Hacking Legal wants YOU!
Join us to make real impact and transform the legal world with technology!
Hier findet Ihr mehr Informationen zu der Veranstaltung.",https://www.munich-startup.de/veranstaltung/munich-hacking-legal/
Munich Startup,BarCamp: Edge AI and Smart Sensing,29. April,"Hansastr. 27d, 80686 München","Wir laden alle Interessierten herzlich zu unserem BarCamp zum Thema Edge AI und Smart Sensing ein. Organisiert wird die Veranstaltung von der Strategischen Partnerschaft Sensorik e.V., unterstützt vom Bayerischen Chip-Design-Center sowie der Strategischen Initiative Neuromorphes Computing des Fraunhofer IIS.
Das Thema Edge AI und Smart Sensing ist bewusst weit gewählt, um ein breites Publikum anzusprechen. Die Pitches können sowohl Hardware als auch Software oder eingebettete AI-Modelle umfassen. Themen wie neuromorphes Computing, RISC-V, heterogene Integration, AI-Frameworks, federated Learning, Quantisierung von Modellen und ähnliche sind herzlich willkommen. Bringt Eure Ideen, Fragen und Erfahrungen mit und gestaltet gemeinsam mit uns einen inspirierenden Austausch. Wir freuen uns auf spannende Sessions und interessante Diskussionen!
Ein Barcamp, auch Unkonferenz genannt, ist eine offene Veranstaltung, bei der die Teilnehmenden zu Beginn selbst die Themen und den Ablauf festlegen. Diese informellen Workshops fördern Interaktion und kreative Lösungsansätze.
Hier findet Ihr mehr Informationen zu der Veranstaltung.",https://www.munich-startup.de/veranstaltung/barcamp-edge-ai-and-smart-sensing/
Munich Startup,Founders‘ regulars‘ table: Food & Agtech,29. April,"Maximus-von-Imhof-Forum 2, 85354 Freising","Throughout the year 2025, the TUM Venture Lab FAB is organising a regulars‘ table for agri-food startups from Munich and the surrounding area and anyone who would like to get in touch with them.
Whether you are a founder, aspiring founder or just interested, everyone is welcome to join our informal dialogue. Stop by, have a cold drink and connect with Munich’s agri-food ecosystem!
Hier findet Ihr mehr Informationen zu der Veranstaltung.",https://www.munich-startup.de/veranstaltung/founders-regulars-table-food-agtech-0425/
Munich Startup,gate-Academy: Pitch Perfect – Die Geheimnisse erfolgreicher Investorengespräche,8. Mai,"Lichtenbergstraße 8, 85748 Garching bei München","gate-Academy „Pitch Perfect – Die Geheimnisse erfolgreicher Investorengespräche“ mit Dr. Bernhard Schmid
Du bist Tech-Founder und willst Investoren überzeugen? In diesem live-Workshop erfährst du, was Investoren wirklich von Startups erwarten und welche Fragen sie dir stellen, bevor sie investieren. Sei gespannt auf praxisnahe Einblicke, die dir helfen, dein Startup auf das nächste Level zu heben. Über Do’s und Dont’s aus der Praxis berichtet Dr. Bernhard Schmid.
Inhalte, die dich erwarten:
Bist du bereit, dein Pitch-Deck und Business-Plan so zu gestalten, dass sie Investoren begeistern?
Wie findest du die perfekte Unternehmensbewertung, die nicht nur realistisch, sondern auch überzeugend ist?
Kannst du komplexe Prozesse so erklären, dass selbst Investoren ohne Technik-Hintergrund sofort verstehen, warum dein Startup revolutionär ist?
Wie baust du mit einem durchdachten „Beweismanagement“ Vertrauen auf und zeigst, dass du das Potenzial hast, groß zu werden?
Dr. Bernhard Schmid, CEO bei Global Value Management, ist seit über 25 Jahren als Unternehmer und Manager bei Consulting-/High-Tech-Unternehmen aktiv. In dieser Eigenschaft hat er mehr als 30 Corporate Finance Transaktionen erfolgreich begleitet – von Wachstums-Finanzierungen, Mergers & Acquisitions, Nachfolgeregelungen bis hin zu IPOs.
Nach dem Workshop bleibt bei einem gemeinsamen Mittagessen genug Zeit für`s Netzwerken. Melde dich jetzt über Eventbrite an und sichere dir deinen Platz. Wir freuen uns auf dich!
Hier findet Ihr mehr Informationen zu der Veranstaltung.",https://www.munich-startup.de/veranstaltung/gate-academy-pitch-perfect-die-geheimnisse-erfolgreicher-investorengespraeche/
Munich Startup,Online: IP im Fokus – Wirksamer Marken- und Designschutz,8. Mai,,"BIHK-Webinar: IP im Fokus – Wirksamer Marken- und Designschutz
So schützt Ihr Brands und Business mit EU-Unterstützung
Erfahrt, wie Ihr Eure Marken, Designs, Domains und Firmennamen effektiv schützen und dabei von EU-Förderprogrammen profitieren könnt. Das BIHK-Webinar bietet eine Einführung in die wichtigsten Aspekte des geistigen Eigentums sowie detaillierte Informationen zum EUIPO-Förderprogramm „Ideas Powered for Business“, das speziell für kleine und mittlere Unternehmen (KMU) konzipiert wurde.
Meldet Euch jetzt kostenfrei an und sichert Euch wertvolle Einblicke sowie praktische Unterstützung beim Schutz Eurer geistigen Eigentumsrechte!
Hier findet Ihr mehr Informationen zu der Veranstaltung.",https://www.munich-startup.de/veranstaltung/online-ip-im-fokus-wirksamer-marken-und-designschutz/
Munich Startup,WERKSACADEMY – Workshops & Training: Sales,8. Mai,"Am Kartoffelgarten 14, 81671 München","Die erste WERKSACADEMY im WERK1 dieses Jahr dreht sich um das stets brandaktuelle Thema Sales.
Workshop-Inhalte:
Sales-Techniken: Erfahre, wie du effektive Verkaufsgespräche führen und potenzielle Kund*innen überzeugen kannst.
Zielgruppenanalyse: Lerne, deine Zielgruppe zu identifizieren und maßgeschneiderte Angebote zu entwickeln.
Pitch-Training: Übe, deinen Pitch zu perfektionieren, um Investoren und Kund*innen gleichermaßen zu begeistern.
Verhandlungsstrategien: Entdecke, wie du erfolgreich verhandeln und Win-Win-Situationen schaffen kannst.
Kundenbeziehungen: Erfahre, wie du langfristige Beziehungen zu deinen Kunden aufbauen und pflegen kannst
Zielgruppe:
Dieser Workshop richtet sich an Gründer*innen, Unternehmer*innen und Teams, die ihre Sales-Techniken verbessern und ihr Startup auf das nächste Level bringen möchten.
Hier findet Ihr mehr Informationen zu der Veranstaltung.",https://www.munich-startup.de/veranstaltung/werksacademy-workshops-training-sales/
Munich Startup,Unternehmer:innen live erleben: Bonita Grupp von TRIGEMA,8. Mai,"Heßstraße 89, 80797 München","Unternehmer:innen live erleben: Bonita Grupp von TRIGEMA – Fashion Meets KI
Bonita Grupp zu Gast bei Unternehmer:innen live erleben. Erfahre wie eine innovative Unternehmerin und künstliche Intelligenz die Familiennachfolge bei TRIGEMA prägen. Und natürlich kommt auch der berühmte Affe Charly 2.0 nicht zu kurz. Anschließend beantwortet Bonita Eure Zuschauerfragen!
Bonita Grupp berichtet über ihren Werdegang und ihre Rolle als Geschäftsführerin bei TRIGEMA.
Wir vom SCE freuen uns auf einen spannenden Unternehmer:innen-Abend und laden Euch alle herzlich ein!
Hier findet Ihr mehr Informationen zu der Veranstaltung.",https://www.munich-startup.de/veranstaltung/unternehmerinnen-live-erleben-bonita-grupp-trigema/
Munich Startup,AI Music Summit 2025,12. Mai,"Atelierstraße 1, 81671 München","Der AI Music Summit ist ein exklusives Startup-Event der GEMA in Kooperation mit WISE – und zugleich der Auftakt zur GEMA-Mitgliederversammlung 2025.
Hier treffen sich nicht nur GEMA-Mitglieder, sondern auch Musikschaffende, Tech-Expert:innen, Startups und weitere Akteur:innen aus dem Music-Tech-Ökosystem. Gemeinsam diskutieren wir, wie Künstliche Intelligenz (KI) die Musikbranche verändert – mit Fokus auf technologische Chancen, Innovationen und einem verantwortungsvollen Umgang mit dieser Technologie.
Im Zentrum stehen die Fragen:
Wie kann KI zum kreativen Partner werden – statt zum Ersatz?
Wie sieht die nächste Generation an KI-Tools für Musikschaffende aus?
Was bedeutet Urheberschaft, wenn Maschinen komponieren?
Wie schützen wir geistiges Eigentum im KI-Zeitalter?
Ob du Musik machst, Technologie entwickelst oder zwischen beiden Welten lebst – dieser Summit bietet dir neue Perspektiven, wertvolle Kontakte und konkrete Impulse.
Hier findet Ihr mehr Informationen zu der Veranstaltung.",https://www.munich-startup.de/veranstaltung/ai-music-summit-2025/
Munich Startup,Munich Impact Co-Founder Matching,12. Mai,"Gotzinger Straße 8, 81371 München","Find Your Perfect Match at the Munich Impact Co-Founder Matching!
Are you ready to turn your passion for impact entrepreneurship into reality? Do you have an innovative idea for ecological or social change but need the right partner to bring it to life? Or are you eager to join a purpose-driven startup but haven’t found the right opportunity yet? Then this is your event!
Who Should Attend? This event is designed for:
Visionary founders having an idea they want to bring to life searching for co-founders with complementary skills
Talented individuals looking to join someone with a high-impact startup idea
Changemakers passionate about building a better future through entrepreneurship
What to Expect: 
High-energy networking with purpose-driven entrepreneurs.
Structured matching to find the perfect co-founder fit.
A unique opportunity to spark new ideas, forge strong partnerships, and take the next step in your impact journey.
This is where passion meets potential—where ideas transform into action. Secure your spot today and get ready to find the co-founder who will help shape the future with you!
This time, the event will take place at Impact Hub Munich – a truly fitting location for the matching format. During the week of the matching event, from Monday, May 12 to Friday, May 16, Impact Hub will also be hosting the Open Hub Week. Check out the exciting program here.
Due to space limitations, an RSVP is absolutely necessary. There will be more spots available than initially opened. After the initial spots are taken participants will be admited based on the responses to the question. So joining the waitlist definitely makes sense! If you do not make the guestlist this time, stay tuned for the next event in June.
Hier findet Ihr mehr Informationen zu der Veranstaltung.",https://www.munich-startup.de/veranstaltung/munich-impact-co-founder-matching-0525/
Munich Startup,Unternehmen und Stadtverwaltung für mehr grüne Freiräume in der Stadt,13. Mai,"Freddie-Mercury-Straße 5, 80797 München","Arbeitet Ihr in einem Unternehmen in oder um München, das…
… Freiraumplanung und -gestaltung neu denkt?
… innovative technische und gebaute Produkte für mehr Grün in der Stadt anbietet? Tragt Ihr somit zur Klimaanpassung und mehr Artenvielfalt bei oder entwickeln inklusivere Freiräume?
… Beteiligungsprozesse und -formate für gerechtere Freiräume umsetzt?
… digitale Tools für die Analyse, Planung und Visualisierung entwickelt?
… die Bedeutung von Stadtnatur, Grün- und Freiräumen kreativ an verschiedene Zielgruppen vermittelt und kommuniziert?
Worum geht es bei der Veranstaltung?
Welche innovativen Konzepte, Produkte und Dienstleistungen bieten Unternehmen aus München und der Umgebung an, um Städte zu begrünen? Vor welchen Herausforderungen in der Freiraumentwicklung sieht sich die Landeshauptstadt München und welche Bedarfe hat sie? Im Rahmen des EU-Projekts JUSTNature laden das Referat für Stadtplanung und Bauordnung zusammen mit dem Referat für Arbeit und Wirtschaft, der Münchner Wirtschaftsförderung sowie Munich Business Unternehmen ein, die Produkte und Dienstleistungen rund um Stadtnatur und -begrünung anbieten und städtische Freiräume gestalten.
Was erwartet Euch als Teilnehmer*in?
Wir planen Pitches von Unternehmen, Beispiele erfolgreicher Zusammenarbeit der Verwaltung mit Unternehmen, Diskussionen verschiedener Akteur*innen und thematische Sessions sowie Zeit und Raum zum Netzwerken. Mitarbeiter*innen der Stadtverwaltung aus verschiedenen Referaten und Unternehmer*innen teilen Einblicke und Erfahrungen, diskutieren und lernen sich kennen, um:
• das Angebot von lokalen und regionalen Unternehmen ebenso wie die Unterstützungsbedarfe dieser sichtbarer zu machen.
• Unternehmen untereinander als auch mit der Landeshauptstadt München zu vernetzen, um zukünftig noch passendere Lösungen für Münchens Grün- und Freiräume zu finden.
• mehr Bewusstsein zu schaffen für Unterstützungsangebote der Landeshauptstadt für Start-ups und KMUs.
• Herausforderungen und...",https://www.munich-startup.de/veranstaltung/unternehmen-und-stadtverwaltung-fuer-mehr-gruene-freiraeume-in-der-stadt/
Munich Startup,3. City Demo Day – Künstliche Intelligenz,15. Mai,"Freddie-Mercury-Straße 5, 80797 München","Wie können Startups und die Stadtverwaltung gemeinsam Innovationen vorantreiben? Die ideale Plattform, um diese Frage zu beleuchten, bietet der „City Demo Day“, initiiert vom Referat für Arbeit und Wirtschaft der Landeshauptstadt München.
Diese Netzwerkveranstaltung bringt die Stadtverwaltung Münchens sowie weiterer Kommunen mit der lebendigen Gründungsszene des Münchner Innovationsökosystems zusammen.
In Zusammenarbeit mit dem KI Competence Center des IT-Referats widmet sich die dritte Ausgabe des City Demo Day dem Fokusthema Künstliche Intelligenz.
Hier findet Ihr mehr Informationen zu der Veranstaltung.",https://www.munich-startup.de/veranstaltung/3-city-demo-day-kuenstliche-intelligenz/
Munich Startup,Women Start-up Morning Jour Fixe,15. Mai,"Rosenheimer Str. 145 i, 81671 München","Women Start-up Morning Jour Fixe – from Jobdespair to Funding an AI native Deeptech Startup
Are you interested in the topic of entrepreneurship? Do you like to connect with other (future) female founders? And are you interested in the topic of Deeptech startups?
Join us for a unique morning event at the Media Lab Bayern where you’ll have the chance to meet and connect with the Women Start-up community.
This time we are focussing on the topic of funding an AI native Deeptech Startup.
Our expert Anika Gruner initially started her professional career in the media environment. After working for Prosiebensat1, ARTE, BR and production companies such as Endemol, her path led her into B2B online marketing, where she worked for several years in international companies. Today she tells us how her path from marketing led her to co-founding a deeptech startup and why she can’t imagine doing anything else but being self-employed.
Neuraforge is working on a comprehensive, AI-supported solution for reliable deepfake detection to prove the authenticity of media content. With their comprehensive software, they want to give people the solution to curate all forms of feeds. Neuraforge was launched in April 2024 attending the Media Lab Start Up Fellowship and has 5 employees today.
Take the chance to ask questions, get first-hand insights, and connect with other students and young professionals over a coffee – who knows, you might meet your future co-founder or spark the idea for your next big project!
This event is brought to you by Women Start-up in cooperation with Media Lab Bayern.
Hier findet Ihr mehr Informationen zu der Veranstaltung.",https://www.munich-startup.de/veranstaltung/women-start-up-morning-jour-fixe-0525/
Munich Startup,Munich Co-Founder Matching,19. Mai,"Thierschstraße 20,, 80538 München","Munich Co-Founder Matching – Find your Co-Founder
This is the place where entrepreneurs, visionaries, and makers meet to find the perfect co-founder to bring bold ideas to life.
Whether you are:
An aspiring founder with a game-changing idea, searching for the right person to help you build it,
An early-stage startup looking for additional co-founders to complete your founding team,
A talented individual without a specific idea yet, but eager to join forces with others and co-create a venture from scratch…
You’re in the right place.
Join us on Mai 19th, 2025, for an inspiring evening with a structured meeting concept, meaningful conversations, and real connections. You’ll meet like-minded people, share your vision or skills, and take the first step toward building something amazing together.
Hier findet Ihr mehr Informationen zu der Veranstaltung.",https://www.munich-startup.de/veranstaltung/munich-co-founder-matching-0524/
Munich Startup,Female Future Festival Munich,22. Mai,"Atelierstraße 1, 81671 München","Was dich beim Female Future Festival erwartet?
„Ein Tag der Inspiration. Ein Festival der Möglichkeiten. Ein Event für Entschlossene und Unentschlossene, für Mutige und Macherinnen, für Entdeckerinnen und Gründerinnen, für neue Perspektiven und unentdeckte Potenziale. Also genau das Richtige für dich, dich und dich.“
Programm und Speaker*Innen
Über 30 authentische, spannende & emotionale Speaker:innen warten auf dich. Expert:innen, die dir Mut machen, motivieren und zum Nachdenken und Nachahmen animieren! Menschen, die mit Ihren Geschichten berühren, die etwas bewegen und „echt“ sind – mit all ihren Höhen und Tiefen.
Das gesamte Female Future Festival Programm findest du zeitnah vor dem Festival online & du darfst dich sowas von freuen & gespannt sein.
Hol dir jetzt gleich dein Ticket und feiere diesen Tag mit uns. Lass dich inspirieren und hol dir für dich und deine berufliche Zukunft neuen Spirit.
Ticketermäßigungen (30 %) für:
Elternticket
Gründer:innen
Student:innen
Schick uns gerne per Mail (hello@femalefuturefestival.com) einen Nachweis, dass du berechtigt bist, die Ermäßigung in Anspruch zu nehmen, dann erhältst du einen Rabattcode von uns!
Hier findet Ihr mehr Informationen zu der Veranstaltung.",https://www.munich-startup.de/veranstaltung/female-future-festival-munich-2025/
Munich Startup,Circular Republic Festival 2025,22. Mai : 9:00 Uhr - 23. Mai : 16:00 Uhr,"Freddie-Mercury-Straße 5, 80797 München","CIRCULAR REPUBLIC FESTIVAL – The place to be for all circular economy visionaries.
The event for circular economy innovation celebrates its second edition by the motto „build your competitive advantage“ and brings together all visionaries to accelerate the circular transformation across all industries.
Two-day flagship event on circular economy
Five innovation and impulse areas
Top speakers and thought leaders in circular economy
1000+ participants expected
20+ panel discussions and key notes
40 start-up pitches and 6 category awards
3 hands-on workshops on circular business models
10 Circular Hackfest challenges
Networking and best practices
Hier findet Ihr mehr Informationen zu der Veranstaltung.",https://www.munich-startup.de/veranstaltung/circular-republic-festival-2025/
Munich Startup,Biotech & IP Seminar for Founders and Startups,22. Mai : 9:00 Uhr - 23. Mai : 15:00 Uhr,"Am Klopferspitz 19a, 82152 Martinsried","We are pleased to invite you to our Biotech & IP Seminar 2025 in Munich tailored for biotechnology startups and founders, designed to explore the critical intersection of innovation, intellectual property, and business strategy.
Topics will include:
Basics of patentability of biotech inventions
Financing of startups
International and domestic licensing
Issues with the Employee Inventions Act
AI in inventions and patent law
Strategic filings
Copyright issues
We are delighted to announce that our patent attorneys and attorneys-at-law from VOSSIUS are joined by external guest speakers who are experts in the field of biotechnology, patent law, and startup funding. Their expertise will provide valuable insights into the challenges and opportunities facing today’s biotech innovators.
The event is an excellent opportunity to network with fellow founders, gain critical knowledge, and address the unique challenges your startup may face as you navigate the complexities of intellectual property in the biotechnology and life sciences sector.
We look forward to welcoming you to our Biotech & IP Seminar 2025 for Startups and Founders.
Hier findet Ihr mehr Informationen zu der Veranstaltung.",https://www.munich-startup.de/veranstaltung/biotech-ip-seminar-for-founders-and-startups/
Munich Startup,HACK’N’TALK – Circular Hackfest Special,22. Mai,"Freddie-Mercury-Straße 5, 80797 München","Connect, Learn, and Grow at HACK’N’TALK, the Premier Community Event for Entrepreneurs and Innovators!
We’re kicking off this special HACK’N’TALK edition with an introduction to the UnternehmerTUM ecosystem, setting the stage for an exciting evening in collaboration with CIRCULAR REPUBLIC and MakerSpace.
This event is about circular transformation—moving beyond theory to real-world impact. The circular economy isn’t just a concept; it’s a fundamental shift in managing resources and building sustainable business models. Together, we’ll explore how these ideas shape industries and everyday life.
Panel Discussion: Andrea Schneller (Co-Founder, Koorvi) x Karoline Reperich, (Sustainability Manager, Circular Economy, Tchibo)
Live Pitches from the CIRCULAR HACKFEST
Get inspired as aspiring founders take the stage to showcase the innovative projects they’ve developed during the CIRCULAR HACKFEST. Expect cutting-edge ideas, valuable feedback, and dynamic sparring sessions!
Connect & Network
At HACK’N’TALK, networking is at the heart of the experience. Meet fellow entrepreneurs, investors, and industry professionals, exchange ideas, and forge valuable connections that could shape your startup journey.
If you have any questions, feel free to reach out to Lisa Schebitz at lisa.schebitz@unternehmertum.de.
Hier findet Ihr mehr Informationen zu der Veranstaltung.",https://www.munich-startup.de/veranstaltung/hackntalk-circular-hackfest-special-2025/
Munich Startup,AFTERWERK – Startup Pitches & Networking,22. Mai,"Am Kartoffelgarten 14, 81671 München","Alle zwei Monate findet im WERK1 das AFTERWERK statt. Hier stellen sich alle neu im Inkubator eingezogenen Startups mit einem kurzen Pitch vor. Neben den Pitches teilt das WERK1 alle News rund um das Gründerzentrum und es ist die perfekte Gelegenheit, mit Personen aus dem Münchner Startup-Ökosystem zu networken. Schaut gerne vorbei!
Hier findet Ihr mehr Informationen zu der Veranstaltung.",https://www.munich-startup.de/veranstaltung/afterwerk-startup-pitches-networking-0525/
Munich Startup,SheStartup – Frauen gründen,27. Mai,"Max-Joseph-Strasse 2, 80333 München","Du planst dich selbstständig zu machen oder hast eine konkrete Geschäftsidee und schon gegründet? Du suchst den Austausch mit anderen Gründerinnen? Dann ist unsere Veranstaltung SheStartup genau das Richtige.
Diese Themen erwarten Euch:
Zahlen, Daten Fakten – Frauen gründen
Infos zum Businessplan und Förderangeboten
Seminare und Veranstaltungen
Coachingprogramme
Netzwerke für Gründerinnen
Vorstellung des guide – e.V. München
Podiumsdiskussion mit erfahrenen Gründerinnen (Susanna Mur mit guud und Olga Brumnik mit Beevanta)
Austausch mit anderen Gründungsinteressierten
Zielgruppe:
Gründerinnen im Haupt- und Nebenerwerb und solchen, die es werden wollen.
Hier findet Ihr mehr Informationen zu der Veranstaltung.",https://www.munich-startup.de/veranstaltung/shestartup-frauen-gruenden/
Munich Startup,AI+MUNICH Pitch Night,27. Mai,"Heßstraße 89, 80797 München","Join us for the next AI+MUNICH Pitch Night!
You’ll meet the teams currently in the program and see firsthand what our latest funded startups have achieved as they pitch their progress and future plans.
This evening is especially for those interested in applying for our next funding batch. It’s a unique opportunity to connect with our founders, gain insights into the program, and ask any question about the application process.
Beyond that, we welcome everyone passionate about AI – whether you’re a founder, investor, corporate, student or AI enthusiast. Expect an inspiring evening full of networking, knowledge exchange, and innovation.
Agenda:
6.00 pm: Doors open
6.15 pm: Welcome
6.20 pm: Startup Pitches (funded teams) Batch #10
7.15 pm: Introduction funded teams Batch #11
7.30 pm: Meet current program participants & Info session for future applicants
7.45 pm: Networking over food & drinks
10.00 pm: Closing
If you’re considering joining AI+MUNICH, this is your chance to experience the ecosystem up close!
For questions, feel free to reach out: contact@aimunich.com
Hier findet Ihr mehr Informationen zu der Veranstaltung.",https://www.munich-startup.de/veranstaltung/aimunich-pitch-night-0425/
Munich Startup,COLLABORATE – Leverage your power of diversity!,3. Juni,"Freddie-Mercury-Straße 5, 80797 München","Women Start-up Empowerment Training Series
Welcome to the Training „COLLABORATE – Leverage your power of diversity!“ – Successfully working together as diverse teams.
Teamwork can make or break business success. Your team and your culture make you different from others!
But what are the essential ingredients for a thriving team culture and collaboration? This training might just be what you need to learn how to attract and enable diverse talent and steer teams toward success.
We invite all present and future female founders or students interested in the topic of team diversity from all educational and professional backgrounds. Sign up today and find out why raising a diverse team is most likely the best decision you can make for any of your endeavors.
Learning Outcomes
In this hands-on training you will:
Discover how diversity drives great teamwork and innovation
Learn the ins and outs of building collaborative and high-performing teams
Develop your ability to increase engagement within your team and attract fitting new members for your endeavor
Requirements:
First experiences in team & project leading
Self-awareness and curiosity
Hier findet Ihr mehr Informationen zu der Veranstaltung.",https://www.munich-startup.de/veranstaltung/collaborate-leverage-your-power-of-diversity/
Munich Startup,Startup Demo Night,3. Juni,"Atelierstraße 24, 81671 München","Innovationen zum Anfassen und Ausprobieren!
Auf einem der größten Events der Münchener Gründerszene präsentieren rund 70 Startups live an Ausstellerständen ihre innovativen Lösungen und Prototypen. Alle Branchen sind vertreten – von HighTech über Bio Sciences, IoT, Mobilität, Lifestyle oder Gesundheit bis Sport.
Lerne eine Vielzahl spannender Startups unterschiedlichster Branchen kennen.
Probiere die Ideen und Produkte selbst aus.
Trete mit Gründerteams, Kapitalgebern und Unternehmensvertretern in entspannter Networking-Atmosphäre in Kontakt.
Hier findet Ihr mehr Informationen zu der Veranstaltung.",https://www.munich-startup.de/veranstaltung/startup-demo-night-2025/
Munich Startup,The Reveal 2025: Start-up Demo Day powered by UnternehmerTUM,4. Juni,"Freddie-Mercury-Straße 5, 80797 München","The Reveal is the grand finale of UnternehmerTUM’s incubation and acceleration programs. Hosted in Munich by UnternehmerTUM, the number one start-up hub in Europe, this event brings together start-up teams from XPRENEURS, Techfounders, EIT Manufacturing, and ESA Business Accelerator Germany to pitch their groundbreaking ideas to a diverse audience of VCs, corporates, media, mentors, business angels, alumni, and innovation enthusiasts.
UnternehmerTUM drives European tech sovereignty and economic growth by connecting pioneering start-ups and founders with established companies, investors, and experts. This annual event is an essential platform for showcasing cutting-edge innovations and fostering strategic alliances. It brings together the brightest minds and most promising start-ups to shape the future of technology together.
Hier findet Ihr mehr Informationen zu der Veranstaltung.",https://www.munich-startup.de/veranstaltung/the-reveal-2025-start-up-demo-day-powered-by-unternehmertum/
Munich Startup,International Entrepreneurs‘ Night: Mobility #Helsinki x Rise Europe,5. Juni,"Freddie-Mercury-Straße 5, 80797 München","Join us in discovering mobility innovations from Helsinki that contribute to shaping our future of mobility!
Startup Mobility Innovations from #Helsinki
In collaboration with our partner Aalto University and Rise Europe – the network of leading European start-up ecosystem builders, we showcase cutting-edge advancements in the field of mobility on June 5th in Munich.
The event provides a platform for innovative startups and experts to share their ideas and developments, and to foster valuable connections between the Munich startup ecosystem and European ecosystems within the Rise Europe network. By creating an environment of learning and collaboration, we drive innovation and facilitate a meaningful exchange of mobility solutions.
Just a few reasons to take a closer look at Helsinki’s innovation landscape:
Finland is a leader in sustainable and smart mobility solutions.
Finland has a strong track record in developing and implementing advanced technologies.
Finland’s startup ecosystem is vibrant and supportive, fostering innovation and entrepreneurship.
Join us as we celebrate the power of collaboration and ingenuity in shaping the future of mobility!
Hier findet Ihr mehr Informationen zu der Veranstaltung.",https://www.munich-startup.de/veranstaltung/international-entrepreneurs-night-mobility-helsinki-x-rise-europe/
Munich Startup,Festival der Zukunft,3. Juli : 9:00 Uhr - 6. Juli : 22:00 Uhr,"Museumsinsel 1, 80538 München","Entdecke beim „Festival der Zukunft“ von 1E9 und Deutschem Museum neueste Entwicklungen aus Technologie, Wissenschaft, Business und Kunst. Vernetze dich mit innovativen Vordenkerinnen und Visionären. Erlebe Workshops, Performances und Sommer in München.
Hier findet Ihr mehr Informationen zu der Veranstaltung.",https://www.munich-startup.de/veranstaltung/festival-der-zukunft-2025/
Munich Startup,Online: NAVIGATE – Be a strong and authentic female leader,8. Juli,,"Women Start-up Empowerment Training Series
Welcome to the online Training „NAVIGATE – Be a strong and authentic Female Leader!“ – Grow as a female leader by leading with confidence.
We empower women to become leaders and drive positive change towards a more sustainable future. In this training, we aim to equip you with exactly what it takes to grow as a strong and authentic leader and become aware and confident in your own ability to inspire action both in yourself and in others.
This training is open to all present and future female founders or students interested in the topic of humanistic leadership from all educational and professional backgrounds. We invite you to sign up and grab a seat at the table as the transformational role models you are set to become.
Get ready to jumpstart your leadership!
Learning Outcomes
In this hands-on training you will:
Enhance your self-reflective capability and build resilience and self-efficacy
Grow your entrepreneurial mindset and learn effective tools for self-empowerment
Develop human-centered approaches to problem solving and innovation
Grow your network of aspiring women leaders, entrepreneurs, and changemakers
Requirements:
First leadership experiences
Self-awareness and curiosity
Hier findet Ihr mehr Informationen zu der Veranstaltung.",https://www.munich-startup.de/veranstaltung/navigate-be-a-strong-and-authentic-female-leader/
Munich Startup,Businettes Female Founders Summit,11. Juli,"Rosenkavalierplatz 13, 81925 München","Der Businettes Female Founders Summit 2025 ist DAS Event für ambitionierte Gründerinnen und Unternehmerinnen! Sei dabei, wenn wir in Berlin (3. Juni 2025) und München (11. Juli 2025) die Bühne für Female Empowerment und unternehmerischen Erfolg eröffnen. Triff über 800 Teilnehmer:innen – von Investor:innen und Top-Speaker:innen bis hin zu Gründerinnen und Schlüsselakteur:innen des Startup-Ökosystems.
Was Dich erwartet:
Inspirierende Keynotes & Masterclasses: Lerne von den Besten zu Themen wie Skalierung, Finanzierung, Personal Branding, Steuern, Mental Health und mehr.
Startup Pitches & Expo-Area: Präsentier dein Startup auf der Bühne oder in der Expo-Area und bringe es auf das nächste Level.
Investors 1:1 Networking: Exklusive Möglichkeiten, direkt mit Investor:innen in Kontakt zu treten.
Styling Lounge, Goodie Bags & mehr: Lass dich verwöhnen und erlebe viele weitere Überraschungen – von Drinks und Catering bis hin zu einzigartigen Networking-Möglichkeiten.
Ein Tag voller Austausch & Inspiration: Knüpfe wertvolle Kontakte, lass dich inspirieren und sammle neue Ideen für dein Business.
Hier findet Ihr mehr Informationen zu der Veranstaltung.",https://www.munich-startup.de/veranstaltung/businettes-female-founders-summit/
Munich Startup,Munich Startup Festival 2025,16. Juli,"Reitknechtstraße 6, 80639 München","Munich Startup Festival 2025 – Das Sommer-Highlight der Münchner Startup-Community
Seid ihr GründerInnen, InvestorInnen, Studierende oder einfach gerne am Netzwerken? Dann solltet ihr euch dieses Event nicht entgehen lassen!
Markiert euch den 16. Juli 2025 fett im Kalender! An diesem Tag verwandelt sich das Backstage München erneut in das Zentrum der Münchner Startup-Szene. Nach dem großen Erfolg im letzten Jahr gehen wir 2025 in die nächste Runde: Freut euch auf inspirierende GründerInnen, namhafte PolitikerInnen und andere Persönlichkeiten des Startup-Ökosystems. Natürlich wird auch das Pitchen wieder ein Highlight sein – der Munich Startup Award 2025 kürt das „Beste Münchner Startup 2025“. Alles verpackt in eine noch größere Portion Festival-Feeling.",https://www.munich-startup.de/veranstaltung/munich-startup-festival-2025/
Munich Startup,Online: Holdingstrukturen: Umsetzung und Vorteile für Startups,25. September,,"gate-Academy: Workshop in Zusammenarbeit mit KPMG
Du fragst dich, welche Vorteile eine Holdingstruktur für dein Startup haben kann und wie du sie umsetzt? Dann bist du bei unserer nächsten gate-Academy genau richtig.
Im online Themenvortrag mit anschließendem Q&A erläutert dir Christina Rester von KPMG, folgende Inhalte:
In welcher Konstellation macht eine Holdingstruktur für dein Startup Sinn?
Welche steuerlichen Vorteile bringt sie?
Welche rechtlichen Rahmenbedingungen zur Umsetzung sind nötig?
Hier findet Ihr mehr Informationen zu der Veranstaltung.",https://www.munich-startup.de/veranstaltung/online-holdingstrukturen-umsetzung-und-vorteile-fuer-startups-2/
Munich Startup,Online: STRENGTHEN – Be Resilient to Transform!,14. Oktober,,"Women Start-up Empowerment Training Series
Welcome to the online Training „STRENGTHEN – Be Resilient to Transform!“.
Resilience is key to bringing responsible entrepreneurship and regenerative business ideas to life. In this session we will explore the essential inner skills and qualities of change makers, consciously building on the inner development goals. Starting with ourselves from an individual perspective, we will then branch out to look at teams and structures working towards a systemic understanding of resilience.
Learning Outcomes:
Introduction to the Inner Development Goals as a framework anchored to the Sustainable Development Goals
Systemic understanding of resilience beyond narrow, short-term notions of “self-care”
Self-reflection and inspiration to strengthen the resilience of projects, teams and structures
Requirements:
First project experiences
Self-awareness and curiosity
Hier findet Ihr mehr Informationen zu der Veranstaltung.",https://www.munich-startup.de/veranstaltung/online-strengthen-be-resilient-to-transform/
Munich Startup,Online: VCs verstehen – Wie tickt ein VC und wie wähle ich den richtigen aus,16. Oktober,,"gate-Academy: Workshop in Zusammenarbeit mit KPMG (online)
Im Themenvortrag mit anschließendem Q&A erläutert Michael Königer von KPMG:
Interessen und Sichtweisen von VCs
wie zielführende Kommunikation aussieht
und wie du Fehlentscheidungen vorbeugen kannst
Hier findet Ihr mehr Informationen zu der Veranstaltung.",https://www.munich-startup.de/veranstaltung/online-vcs-verstehen-wie-tickt-ein-vc-und-wie-waehle-ich-den-richtigen-aus-4/
Munich Startup,Startup WORK Job Messe,24. Oktober,"Am Kartoffelgarten 14, 81671 München","Nach einer sehr erfolgreichen Startup WORK Ausgabe im Oktober 2024 mit mehr als 350 Jobsuchenden und +15 Startups, geben wir den Startschuss für die Startup WORK 2025!
Also seid am 24. Oktober 2025 entweder mit Eurem Startup oder als Jobsuchende/r dabei!
STARTUP WORK FÜR STARTUPS
Zugang zu 300+ Talenten
Vorab-Zugang zu Lebensläufen & Matching mit passenden Jobsuchenden
Bewerber direkt kennenlernen und vor Ort interviewen
Networking mit anderen Startups aus dem Ökosystem
Workshops, Keynotes und Interviews
STARTUP WORK FÜR JOBSUCHENDE
Ganztägiger Zugang zur Messe mit 15+ Startups
Kostenlose Bewerbungsfotos mit Premiumticket
Lade Deinen Lebenslauf zum Pre-Matching mit den Startup-Ausstellern hoch
Lerne die HR Personen in einer entspannten Atmosphäre direkt vor Ort kennen
Vorstellungsgespräche vor Ort
Workshops & Keynotes
Hier findet Ihr mehr Informationen zu der Veranstaltung.",https://www.munich-startup.de/veranstaltung/startup-work-job-messe-2025/
Munich Startup,AFTERWERK – Startup Pitches & Networking,30. Oktober,"Am Kartoffelgarten 14, 81671 München","Alle zwei Monate findet im WERK1 das AFTERWERK statt. Hier stellen sich alle neu im Inkubator eingezogenen Startups mit einem kurzen Pitch vor. Neben den Pitches teilt das WERK1 alle News rund um das Gründerzentrum und es ist die perfekte Gelegenheit, mit Personen aus dem Münchner Startup-Ökosystem zu networken. Schaut gerne vorbei!
Hier findet Ihr mehr Informationen zu der Veranstaltung.",https://www.munich-startup.de/veranstaltung/afterwerk-startup-pitches-networking-1025/
Munich Startup,.,2. Dezember,,,https://www.munich-startup.de/veranstaltung/105484/
